<?xml version = '1.0' encoding = 'UTF-8'?>
<relationalModel class="oracle.dbtools.crest.model.design.relational.RelationalDesign" name="Relational_1" id="3C1321F9-A79C-EB65-FB16-48FB59288768" mainViewID="BEC1FC3B-0735-236E-C733-77AEFEEA00CD">
<createdBy>Daniel</createdBy>
<createdTime>2024-09-24 19:52:18 UTC</createdTime>
<ownerDesignName>modelo_relacional_donCoffee</ownerDesignName>
<shouldBeOpen>false</shouldBeOpen>
<selectedRDBMSSite>32076570-2523-435C-2E92-BF29817DFF70</selectedRDBMSSite>
</relationalModel>