<?xml version = '1.0' encoding = 'UTF-8'?>
<Diagram class="oracle.dbtools.crest.swingui.relational.DPVRelational" name="Relational_1" id="BEC1FC3B-0735-236E-C733-77AEFEEA00CD">
<createdBy>Daniel</createdBy>
<modifiedBy>Daniel</modifiedBy>
<createdTime>2024-09-24 19:53:13 UTC</createdTime>
<autoRoute>false</autoRoute>
<boxInbox>true</boxInbox>
<showLegend>false</showLegend>
<showLabels>false</showLabels>
<showRelAttributes>false</showRelAttributes>
<gridEnabled>false</gridEnabled>
<showGrid>false</showGrid>
<diagramColor>-1</diagramColor>
<display>false</display>
<notation>1</notation>
<objectViews>
<OView class="oracle.dbtools.crest.swingui.relational.TVTable" oid="0464DCC7-2A9A-4CE4-EFC6-ACD4ACCA628C" otype="Table" vid="9F27425F-59BD-5A88-819E-F809F5F39822">
<hideElementsInCurrentOnly>false</hideElementsInCurrentOnly>
<bounds x="109" y="343" width="304" height="138"/>
</OView>
<OView class="oracle.dbtools.crest.swingui.relational.TVTable" oid="0C89FB75-BD0B-4382-A7AB-AAF49C583B48" otype="Table" vid="C1B8A7B4-CCFC-7AF1-9E7B-D4A5B58B8C92">
<hideElementsInCurrentOnly>false</hideElementsInCurrentOnly>
<bounds x="484" y="568" width="310" height="186"/>
</OView>
<OView class="oracle.dbtools.crest.swingui.relational.TVTable" oid="47414BA8-91F6-062F-529A-13260829F5A0" otype="Table" vid="0245291F-BFB7-5C02-315F-8DF52D93B89D">
<hideElementsInCurrentOnly>false</hideElementsInCurrentOnly>
<bounds x="108" y="588" width="269" height="154"/>
</OView>
<OView class="oracle.dbtools.crest.swingui.relational.TVTable" oid="6E0C7E79-4DAA-E617-5F56-21B1FD33AAFF" otype="Table" vid="844A14D8-1955-1BF7-9C58-A860553B2C83">
<hideElementsInCurrentOnly>false</hideElementsInCurrentOnly>
<bounds x="909" y="636" width="219" height="113"/>
</OView>
<OView class="oracle.dbtools.crest.swingui.relational.TVTable" oid="88635D08-3380-8E2F-6AC3-BF9BF2ADDDD0" otype="Table" vid="5AB5BD44-C435-2603-1D18-D37FC0B31F51">
<hideElementsInCurrentOnly>false</hideElementsInCurrentOnly>
<bounds x="893" y="24" width="292" height="121"/>
</OView>
<OView class="oracle.dbtools.crest.swingui.relational.TVTable" oid="903B255F-181C-6C30-F7F6-31C3107330AB" otype="Table" vid="BB799BF4-E752-3032-955C-2A4D93EAEEAB">
<hideElementsInCurrentOnly>false</hideElementsInCurrentOnly>
<bounds x="511" y="862" width="227" height="104"/>
</OView>
<OView class="oracle.dbtools.crest.swingui.relational.TVTable" oid="C1E57810-9009-738C-2E6F-037786F09AA1" otype="Table" vid="D132634A-4668-F143-4D67-0DE8CE97AAA7">
<hideElementsInCurrentOnly>false</hideElementsInCurrentOnly>
<bounds x="91" y="22" width="248" height="169"/>
</OView>
<OView class="oracle.dbtools.crest.swingui.relational.TVTable" oid="DC174784-E768-C6A8-0B1E-F87AF7A8DA5C" otype="Table" vid="2DC64D7D-F6D7-76C8-6191-225E47ED7A84">
<hideElementsInCurrentOnly>false</hideElementsInCurrentOnly>
<bounds x="462" y="296" width="344" height="180"/>
</OView>
<OView class="oracle.dbtools.crest.swingui.relational.TVTable" oid="FD87DD51-A49F-BE39-8EC6-FBC8D6ED9C9E" otype="Table" vid="3EDC5C34-ADED-1B89-1B4C-13D61B155C24">
<hideElementsInCurrentOnly>false</hideElementsInCurrentOnly>
<bounds x="477" y="15" width="336" height="202"/>
</OView>
</objectViews>
<connectors>
<Connector class="oracle.dbtools.crest.swingui.relational.TVFKRelation" oid="2CE16E91-5CC4-B2A8-B550-03D9CF69C105" otype="FKIndexAssociation" vid_source="0245291F-BFB7-5C02-315F-8DF52D93B89D" vid_target="9F27425F-59BD-5A88-819E-F809F5F39822">
<hideElementsInCurrentOnly>false</hideElementsInCurrentOnly>
<backgroundColor>-16777216</backgroundColor>
<lineWidth>1</lineWidth>
<points>
<point x="243" y="588"/>
<point x="243" y="481"/>
</points>
</Connector>
<Connector class="oracle.dbtools.crest.swingui.relational.TVFKRelation" oid="5204561F-3153-311E-EEE3-946A6BCC15B6" otype="FKIndexAssociation" vid_source="844A14D8-1955-1BF7-9C58-A860553B2C83" vid_target="C1B8A7B4-CCFC-7AF1-9E7B-D4A5B58B8C92">
<hideElementsInCurrentOnly>false</hideElementsInCurrentOnly>
<backgroundColor>-16777216</backgroundColor>
<lineWidth>1</lineWidth>
<points>
<point x="909" y="692"/>
<point x="794" y="692"/>
</points>
</Connector>
<Connector class="oracle.dbtools.crest.swingui.relational.TVFKRelation" oid="59F05D19-6E02-3595-44FD-1BF7D7D5486F" otype="FKIndexAssociation" vid_source="3EDC5C34-ADED-1B89-1B4C-13D61B155C24" vid_target="2DC64D7D-F6D7-76C8-6191-225E47ED7A84">
<hideElementsInCurrentOnly>false</hideElementsInCurrentOnly>
<backgroundColor>-16777216</backgroundColor>
<lineWidth>1</lineWidth>
<points>
<point x="641" y="217"/>
<point x="641" y="296"/>
</points>
</Connector>
<Connector class="oracle.dbtools.crest.swingui.relational.TVFKRelation" oid="89D10E89-333D-CB1C-4701-7CF3698CE20F" otype="FKIndexAssociation" vid_source="5AB5BD44-C435-2603-1D18-D37FC0B31F51" vid_target="3EDC5C34-ADED-1B89-1B4C-13D61B155C24">
<hideElementsInCurrentOnly>false</hideElementsInCurrentOnly>
<backgroundColor>-16777216</backgroundColor>
<lineWidth>1</lineWidth>
<points>
<point x="893" y="99"/>
<point x="813" y="99"/>
</points>
</Connector>
<Connector class="oracle.dbtools.crest.swingui.relational.TVFKRelation" oid="8E763265-ADCC-ED0D-CB7D-BD12310F6FCE" otype="FKIndexAssociation" vid_source="C1B8A7B4-CCFC-7AF1-9E7B-D4A5B58B8C92" vid_target="2DC64D7D-F6D7-76C8-6191-225E47ED7A84">
<hideElementsInCurrentOnly>false</hideElementsInCurrentOnly>
<backgroundColor>-16777216</backgroundColor>
<lineWidth>1</lineWidth>
<points>
<point x="639" y="568"/>
<point x="639" y="476"/>
</points>
</Connector>
<Connector class="oracle.dbtools.crest.swingui.relational.TVFKRelation" oid="9914A226-2FCB-60D9-D03C-95167A1375D3" otype="FKIndexAssociation" vid_source="D132634A-4668-F143-4D67-0DE8CE97AAA7" vid_target="9F27425F-59BD-5A88-819E-F809F5F39822">
<hideElementsInCurrentOnly>false</hideElementsInCurrentOnly>
<backgroundColor>-16777216</backgroundColor>
<lineWidth>1</lineWidth>
<points>
<point x="224" y="191"/>
<point x="224" y="343"/>
</points>
</Connector>
<Connector class="oracle.dbtools.crest.swingui.relational.TVFKRelation" oid="AE50EBA1-F6C9-C7AA-5576-DD6315184840" otype="FKIndexAssociation" vid_source="BB799BF4-E752-3032-955C-2A4D93EAEEAB" vid_target="C1B8A7B4-CCFC-7AF1-9E7B-D4A5B58B8C92">
<hideElementsInCurrentOnly>false</hideElementsInCurrentOnly>
<backgroundColor>-16777216</backgroundColor>
<lineWidth>1</lineWidth>
<points>
<point x="624" y="862"/>
<point x="624" y="754"/>
</points>
</Connector>
<Connector class="oracle.dbtools.crest.swingui.relational.TVFKRelation" oid="CAE7C1A7-E4DB-3F07-6457-A5D413C8D540" otype="FKIndexAssociation" vid_source="0245291F-BFB7-5C02-315F-8DF52D93B89D" vid_target="C1B8A7B4-CCFC-7AF1-9E7B-D4A5B58B8C92">
<hideElementsInCurrentOnly>false</hideElementsInCurrentOnly>
<backgroundColor>-16777216</backgroundColor>
<lineWidth>1</lineWidth>
<points>
<point x="377" y="665"/>
<point x="484" y="665"/>
</points>
</Connector>
</connectors>
</Diagram>