<?xml version = '1.0' encoding = 'UTF-8'?>
<Table class="oracle.dbtools.crest.model.design.relational.Table" directorySegmentName="seg_0" id="0464DCC7-2A9A-4CE4-EFC6-ACD4ACCA628C" name="USUARIOS">
<createdBy>vina</createdBy>
<createdTime>2024-09-25 19:39:47 UTC</createdTime>
<ownerDesignName>modelo_relacional_donCoffee</ownerDesignName>
<ordsAlias>table_9</ordsAlias>
<allowColumnReorder>false</allowColumnReorder>
<existDependencyGenerateInDDl>true</existDependencyGenerateInDDl>
<parsed>true</parsed>
<columns itemClass="oracle.dbtools.crest.model.design.relational.Column">
<Column name="id_usuario" id="5047861E-7A84-D728-29CA-7A3DD36207E4">
<createdBy>vina</createdBy>
<createdTime>2024-09-25 19:42:05 UTC</createdTime>
<ownerDesignName>modelo_relacional_donCoffee</ownerDesignName>
<useDomainConstraints>false</useDomainConstraints>
<use>1</use>
<logicalDatatype>LOGDT011</logicalDatatype>
<ownDataTypeParameters>,,</ownDataTypeParameters>
<autoIncrementCycle>false</autoIncrementCycle>
</Column>
<Column name="nombre_usuario" id="7550926B-2765-3A73-91CA-69A53CCB597C">
<createdBy>vina</createdBy>
<createdTime>2024-09-25 19:42:05 UTC</createdTime>
<ownerDesignName>modelo_relacional_donCoffee</ownerDesignName>
<nullsAllowed>true</nullsAllowed>
<useDomainConstraints>false</useDomainConstraints>
<use>1</use>
<logicalDatatype>LOGDT024</logicalDatatype>
<dataTypeSize>100</dataTypeSize>
<ownDataTypeParameters>100,,</ownDataTypeParameters>
<autoIncrementCycle>false</autoIncrementCycle>
</Column>
<Column name="CLIENTES_id_cliente" id="7F05BE05-E38A-B08A-0081-F15C08C9D7BB">
<createdBy>vina</createdBy>
<createdTime>2024-09-25 19:43:55 UTC</createdTime>
<ownerDesignName>modelo_relacional_donCoffee</ownerDesignName>
<useDomainConstraints>false</useDomainConstraints>
<use>1</use>
<logicalDatatype>LOGDT011</logicalDatatype>
<ownDataTypeParameters>,,</ownDataTypeParameters>
<previousColumn>false</previousColumn>
<autoIncrementCycle>false</autoIncrementCycle>
<associations>
<colAssociation fkAssociation="2CE16E91-5CC4-B2A8-B550-03D9CF69C105" referredColumn="ECA6306F-03A4-59CF-8CFF-F1080D0E5007"/>
</associations>
</Column>
<Column name="EMPLEADOS_id_empleado" id="9F9D9564-CC1E-B378-846D-9DADDB2C1FF7">
<createdBy>vina</createdBy>
<createdTime>2024-09-25 19:44:01 UTC</createdTime>
<ownerDesignName>modelo_relacional_donCoffee</ownerDesignName>
<useDomainConstraints>false</useDomainConstraints>
<use>1</use>
<logicalDatatype>LOGDT011</logicalDatatype>
<ownDataTypeParameters>,,</ownDataTypeParameters>
<previousColumn>false</previousColumn>
<autoIncrementCycle>false</autoIncrementCycle>
<associations>
<colAssociation fkAssociation="9914A226-2FCB-60D9-D03C-95167A1375D3" referredColumn="FF390A65-872E-35FA-66E3-BF41C10AE82C"/>
</associations>
</Column>
</columns>
<indexes itemClass="oracle.dbtools.crest.model.design.relational.Index">
<ind_PK_UK id="7F50F948-DC8F-FA74-8E20-29D1025C95C3" name="USUARIOS_PK">
<createdBy>vina</createdBy>
<createdTime>2024-09-25 19:42:05 UTC</createdTime>
<ownerDesignName>modelo_relacional_donCoffee</ownerDesignName>
<pk>true</pk>
<indexState>Primary Constraint</indexState>
<isSurrogateKey>false</isSurrogateKey>
<indexColumnUsage>
<colUsage columnID="5047861E-7A84-D728-29CA-7A3DD36207E4"/>
</indexColumnUsage>
</ind_PK_UK>
<ind_PK_UK id="04419625-5883-89C4-A259-AA2697CDD7EF" name="USUARIOS_CLIENTES_FK">
<createdBy>vina</createdBy>
<createdTime>2024-09-25 19:43:55 UTC</createdTime>
<ownerDesignName>modelo_relacional_donCoffee</ownerDesignName>
<indexState>Foreign Key</indexState>
<isSurrogateKey>false</isSurrogateKey>
<indexColumnUsage>
<colUsage columnID="7F05BE05-E38A-B08A-0081-F15C08C9D7BB"/>
</indexColumnUsage>
</ind_PK_UK>
<ind_PK_UK id="EFAE95CD-494B-BCDD-0F3A-B692D5BBEA03" name="USUARIOS_EMPLEADOS_FK">
<createdBy>vina</createdBy>
<createdTime>2024-09-25 19:44:01 UTC</createdTime>
<ownerDesignName>modelo_relacional_donCoffee</ownerDesignName>
<indexState>Foreign Key</indexState>
<isSurrogateKey>false</isSurrogateKey>
<indexColumnUsage>
<colUsage columnID="9F9D9564-CC1E-B378-846D-9DADDB2C1FF7"/>
</indexColumnUsage>
</ind_PK_UK>
</indexes>
</Table>