<?xml version = '1.0' encoding = 'UTF-8'?>
<Table class="oracle.dbtools.crest.model.design.relational.Table" directorySegmentName="seg_0" id="0C89FB75-BD0B-4382-A7AB-AAF49C583B48" name="PEDIDOS">
<createdBy>Daniel</createdBy>
<createdTime>2024-09-24 20:09:48 UTC</createdTime>
<ownerDesignName>modelo_relacional_donCoffee</ownerDesignName>
<ordsAlias>table_4</ordsAlias>
<allowColumnReorder>false</allowColumnReorder>
<existDependencyGenerateInDDl>true</existDependencyGenerateInDDl>
<parsed>true</parsed>
<columns itemClass="oracle.dbtools.crest.model.design.relational.Column">
<Column name="id_pedido" id="DAAD245B-72EC-BABA-6EA7-21DBBC70350F">
<createdBy>Daniel</createdBy>
<createdTime>2024-09-24 20:12:59 UTC</createdTime>
<ownerDesignName>modelo_relacional_donCoffee</ownerDesignName>
<useDomainConstraints>false</useDomainConstraints>
<use>1</use>
<logicalDatatype>LOGDT011</logicalDatatype>
<ownDataTypeParameters>,,</ownDataTypeParameters>
<autoIncrementCycle>false</autoIncrementCycle>
</Column>
<Column name="fecha_pedido" id="FCFD713C-A51B-3A0A-3F34-3231B32D746A">
<createdBy>Daniel</createdBy>
<createdTime>2024-09-24 20:12:59 UTC</createdTime>
<ownerDesignName>modelo_relacional_donCoffee</ownerDesignName>
<useDomainConstraints>false</useDomainConstraints>
<use>1</use>
<logicalDatatype>LOGDT007</logicalDatatype>
<ownDataTypeParameters>,,</ownDataTypeParameters>
<autoIncrementCycle>false</autoIncrementCycle>
</Column>
<Column name="total" id="4624885B-500C-FF10-520B-3E73AFE72744">
<createdBy>Daniel</createdBy>
<createdTime>2024-09-24 20:12:59 UTC</createdTime>
<ownerDesignName>modelo_relacional_donCoffee</ownerDesignName>
<useDomainConstraints>false</useDomainConstraints>
<use>1</use>
<logicalDatatype>LOGDT011</logicalDatatype>
<ownDataTypeParameters>,,</ownDataTypeParameters>
<autoIncrementCycle>false</autoIncrementCycle>
</Column>
<Column name="CLIENTES_id_cliente" id="6C4D2B00-3499-A4EC-E70A-4B7AB48D1CF4">
<createdBy>Daniel</createdBy>
<createdTime>2024-09-24 20:18:30 UTC</createdTime>
<ownerDesignName>modelo_relacional_donCoffee</ownerDesignName>
<useDomainConstraints>false</useDomainConstraints>
<use>1</use>
<logicalDatatype>LOGDT011</logicalDatatype>
<ownDataTypeParameters>,,</ownDataTypeParameters>
<previousColumn>false</previousColumn>
<autoIncrementCycle>false</autoIncrementCycle>
<associations>
<colAssociation fkAssociation="CAE7C1A7-E4DB-3F07-6457-A5D413C8D540" referredColumn="ECA6306F-03A4-59CF-8CFF-F1080D0E5007"/>
</associations>
</Column>
<Column name="METODO_PAGO_id_metodo_pago" id="51CA5353-A865-6C8E-61B2-863EDCC824C5">
<createdBy>vina</createdBy>
<createdTime>2024-09-25 19:38:21 UTC</createdTime>
<ownerDesignName>modelo_relacional_donCoffee</ownerDesignName>
<useDomainConstraints>false</useDomainConstraints>
<use>1</use>
<logicalDatatype>LOGDT011</logicalDatatype>
<ownDataTypeParameters>,,</ownDataTypeParameters>
<previousColumn>false</previousColumn>
<autoIncrementCycle>false</autoIncrementCycle>
<associations>
<colAssociation fkAssociation="AE50EBA1-F6C9-C7AA-5576-DD6315184840" referredColumn="F94E1B16-4853-13ED-75EC-10DAFE702E5F"/>
</associations>
</Column>
<Column name="ESTADO_PEDIDO_id_estado" id="4C002CD7-1711-0B67-B6E8-513C4DC35E40">
<createdBy>vina</createdBy>
<createdTime>2024-09-25 19:39:05 UTC</createdTime>
<ownerDesignName>modelo_relacional_donCoffee</ownerDesignName>
<useDomainConstraints>false</useDomainConstraints>
<use>1</use>
<logicalDatatype>LOGDT011</logicalDatatype>
<ownDataTypeParameters>,,</ownDataTypeParameters>
<previousColumn>false</previousColumn>
<autoIncrementCycle>false</autoIncrementCycle>
<associations>
<colAssociation fkAssociation="5204561F-3153-311E-EEE3-946A6BCC15B6" referredColumn="5960F4F7-A8E6-22CE-CB5A-527D214A2E64"/>
</associations>
</Column>
</columns>
<indexes itemClass="oracle.dbtools.crest.model.design.relational.Index">
<ind_PK_UK id="CC315511-B19C-D123-D738-34764C6147D0" name="PEDIDOS_PK">
<createdBy>Daniel</createdBy>
<createdTime>2024-09-24 20:12:59 UTC</createdTime>
<ownerDesignName>modelo_relacional_donCoffee</ownerDesignName>
<pk>true</pk>
<indexState>Primary Constraint</indexState>
<isSurrogateKey>false</isSurrogateKey>
<indexColumnUsage>
<colUsage columnID="DAAD245B-72EC-BABA-6EA7-21DBBC70350F"/>
</indexColumnUsage>
</ind_PK_UK>
<ind_PK_UK id="56ABD680-70E0-ACFC-AC51-4E3767D4D695" name="PEDIDOS_CLIENTES_FK">
<createdBy>Daniel</createdBy>
<createdTime>2024-09-24 20:18:30 UTC</createdTime>
<ownerDesignName>modelo_relacional_donCoffee</ownerDesignName>
<indexState>Foreign Key</indexState>
<isSurrogateKey>false</isSurrogateKey>
<indexColumnUsage>
<colUsage columnID="6C4D2B00-3499-A4EC-E70A-4B7AB48D1CF4"/>
</indexColumnUsage>
</ind_PK_UK>
<ind_PK_UK id="DD18C90E-C2F6-0A12-706B-32C8CA696A48" name="PEDIDOS_METODO_PAGO_FK">
<createdBy>vina</createdBy>
<createdTime>2024-09-25 19:38:21 UTC</createdTime>
<ownerDesignName>modelo_relacional_donCoffee</ownerDesignName>
<indexState>Foreign Key</indexState>
<isSurrogateKey>false</isSurrogateKey>
<indexColumnUsage>
<colUsage columnID="51CA5353-A865-6C8E-61B2-863EDCC824C5"/>
</indexColumnUsage>
</ind_PK_UK>
<ind_PK_UK id="2E10BC4E-B864-1E1F-A064-8E916F132E87" name="PEDIDOS_ESTADO_PEDIDO_FK">
<createdBy>vina</createdBy>
<createdTime>2024-09-25 19:39:05 UTC</createdTime>
<ownerDesignName>modelo_relacional_donCoffee</ownerDesignName>
<indexState>Foreign Key</indexState>
<isSurrogateKey>false</isSurrogateKey>
<indexColumnUsage>
<colUsage columnID="4C002CD7-1711-0B67-B6E8-513C4DC35E40"/>
</indexColumnUsage>
</ind_PK_UK>
</indexes>
</Table>