<?xml version = '1.0' encoding = 'UTF-8'?>
<Table class="oracle.dbtools.crest.model.design.relational.Table" directorySegmentName="seg_0" id="47414BA8-91F6-062F-529A-13260829F5A0" name="CLIENTES">
<createdBy>Daniel</createdBy>
<createdTime>2024-09-24 20:06:40 UTC</createdTime>
<ownerDesignName>modelo_relacional_donCoffee</ownerDesignName>
<ordsAlias>table_3</ordsAlias>
<allowColumnReorder>false</allowColumnReorder>
<existDependencyGenerateInDDl>true</existDependencyGenerateInDDl>
<parsed>true</parsed>
<columns itemClass="oracle.dbtools.crest.model.design.relational.Column">
<Column name="id_cliente" id="ECA6306F-03A4-59CF-8CFF-F1080D0E5007">
<createdBy>Daniel</createdBy>
<createdTime>2024-09-24 20:09:29 UTC</createdTime>
<ownerDesignName>modelo_relacional_donCoffee</ownerDesignName>
<useDomainConstraints>false</useDomainConstraints>
<use>1</use>
<logicalDatatype>LOGDT011</logicalDatatype>
<ownDataTypeParameters>,,</ownDataTypeParameters>
<autoIncrementCycle>false</autoIncrementCycle>
</Column>
<Column name="nombre_cli" id="F383C877-3F7D-81F8-42E6-943DE6BC1DFD">
<createdBy>Daniel</createdBy>
<createdTime>2024-09-24 20:09:29 UTC</createdTime>
<ownerDesignName>modelo_relacional_donCoffee</ownerDesignName>
<nullsAllowed>true</nullsAllowed>
<useDomainConstraints>false</useDomainConstraints>
<use>1</use>
<logicalDatatype>LOGDT024</logicalDatatype>
<dataTypeSize>100</dataTypeSize>
<ownDataTypeParameters>100,,</ownDataTypeParameters>
<autoIncrementCycle>false</autoIncrementCycle>
</Column>
<Column name="apellido_cli" id="CF37CC99-1563-38C9-9317-D592C35B180C">
<createdBy>Daniel</createdBy>
<createdTime>2024-09-24 20:09:29 UTC</createdTime>
<ownerDesignName>modelo_relacional_donCoffee</ownerDesignName>
<useDomainConstraints>false</useDomainConstraints>
<use>1</use>
<logicalDatatype>LOGDT024</logicalDatatype>
<dataTypeSize>100</dataTypeSize>
<ownDataTypeParameters>100,,</ownDataTypeParameters>
<autoIncrementCycle>false</autoIncrementCycle>
</Column>
<Column name="correo" id="D4FDC205-B2CC-D3B3-75AB-B92A3557AEFE">
<createdBy>Daniel</createdBy>
<createdTime>2024-09-24 20:09:29 UTC</createdTime>
<ownerDesignName>modelo_relacional_donCoffee</ownerDesignName>
<useDomainConstraints>false</useDomainConstraints>
<use>1</use>
<logicalDatatype>LOGDT024</logicalDatatype>
<dataTypeSize>100</dataTypeSize>
<ownDataTypeParameters>100,,</ownDataTypeParameters>
<autoIncrementCycle>false</autoIncrementCycle>
</Column>
<Column name="telefono" id="5ED11795-5D6A-15A9-7489-67631CA9A94D">
<createdBy>Daniel</createdBy>
<createdTime>2024-09-24 20:09:29 UTC</createdTime>
<ownerDesignName>modelo_relacional_donCoffee</ownerDesignName>
<useDomainConstraints>false</useDomainConstraints>
<use>1</use>
<logicalDatatype>LOGDT024</logicalDatatype>
<dataTypeSize>20</dataTypeSize>
<ownDataTypeParameters>20,,</ownDataTypeParameters>
<autoIncrementCycle>false</autoIncrementCycle>
</Column>
<Column name="direccion" id="D7A9D88A-F6A1-8D9B-FADC-8B42C3CDE955">
<createdBy>Daniel</createdBy>
<createdTime>2024-09-24 20:09:29 UTC</createdTime>
<ownerDesignName>modelo_relacional_donCoffee</ownerDesignName>
<nullsAllowed>true</nullsAllowed>
<useDomainConstraints>false</useDomainConstraints>
<use>1</use>
<logicalDatatype>LOGDT024</logicalDatatype>
<dataTypeSize>100</dataTypeSize>
<ownDataTypeParameters>100,,</ownDataTypeParameters>
<autoIncrementCycle>false</autoIncrementCycle>
</Column>
<Column name="fecha_registro" id="1AAB566C-288C-4A5B-CF1F-4766CFD91FA5">
<createdBy>Daniel</createdBy>
<createdTime>2024-09-24 20:09:29 UTC</createdTime>
<ownerDesignName>modelo_relacional_donCoffee</ownerDesignName>
<useDomainConstraints>false</useDomainConstraints>
<use>1</use>
<logicalDatatype>LOGDT007</logicalDatatype>
<ownDataTypeParameters>,,</ownDataTypeParameters>
<autoIncrementCycle>false</autoIncrementCycle>
</Column>
</columns>
<indexes itemClass="oracle.dbtools.crest.model.design.relational.Index">
<ind_PK_UK id="93A0F2F4-BE8B-F516-3DBC-D7078118EEDA" name="CLIENTES_PK">
<createdBy>Daniel</createdBy>
<createdTime>2024-09-24 20:09:29 UTC</createdTime>
<ownerDesignName>modelo_relacional_donCoffee</ownerDesignName>
<pk>true</pk>
<indexState>Primary Constraint</indexState>
<isSurrogateKey>false</isSurrogateKey>
<indexColumnUsage>
<colUsage columnID="ECA6306F-03A4-59CF-8CFF-F1080D0E5007"/>
</indexColumnUsage>
</ind_PK_UK>
</indexes>
</Table>