<?xml version = '1.0' encoding = 'UTF-8'?>
<Table class="oracle.dbtools.crest.model.design.relational.Table" directorySegmentName="seg_0" id="6E0C7E79-4DAA-E617-5F56-21B1FD33AAFF" name="ESTADO_PEDIDO">
<createdBy>vina</createdBy>
<createdTime>2024-09-25 19:35:02 UTC</createdTime>
<ownerDesignName>modelo_relacional_donCoffee</ownerDesignName>
<ordsAlias>table_7</ordsAlias>
<allowColumnReorder>false</allowColumnReorder>
<existDependencyGenerateInDDl>true</existDependencyGenerateInDDl>
<parsed>true</parsed>
<columns itemClass="oracle.dbtools.crest.model.design.relational.Column">
<Column name="id_estado" id="5960F4F7-A8E6-22CE-CB5A-527D214A2E64">
<createdBy>vina</createdBy>
<createdTime>2024-09-25 19:36:41 UTC</createdTime>
<ownerDesignName>modelo_relacional_donCoffee</ownerDesignName>
<useDomainConstraints>false</useDomainConstraints>
<use>1</use>
<logicalDatatype>LOGDT011</logicalDatatype>
<ownDataTypeParameters>,,</ownDataTypeParameters>
<autoIncrementCycle>false</autoIncrementCycle>
</Column>
<Column name="nombre_estado" id="51D78288-2D21-0E7E-15F9-6ECE683FC90C">
<createdBy>vina</createdBy>
<createdTime>2024-09-25 19:36:41 UTC</createdTime>
<ownerDesignName>modelo_relacional_donCoffee</ownerDesignName>
<useDomainConstraints>false</useDomainConstraints>
<use>1</use>
<logicalDatatype>LOGDT024</logicalDatatype>
<dataTypeSize>100</dataTypeSize>
<ownDataTypeParameters>100,,</ownDataTypeParameters>
<autoIncrementCycle>false</autoIncrementCycle>
</Column>
</columns>
<indexes itemClass="oracle.dbtools.crest.model.design.relational.Index">
<ind_PK_UK id="DC14A440-A052-E9AD-F3E0-0A02BBE1A913" name="ESTADO_PEDIDO_PK">
<createdBy>vina</createdBy>
<createdTime>2024-09-25 19:36:41 UTC</createdTime>
<ownerDesignName>modelo_relacional_donCoffee</ownerDesignName>
<pk>true</pk>
<indexState>Primary Constraint</indexState>
<isSurrogateKey>false</isSurrogateKey>
<indexColumnUsage>
<colUsage columnID="5960F4F7-A8E6-22CE-CB5A-527D214A2E64"/>
</indexColumnUsage>
</ind_PK_UK>
</indexes>
</Table>