<?xml version = '1.0' encoding = 'UTF-8'?>
<Table class="oracle.dbtools.crest.model.design.relational.Table" directorySegmentName="seg_0" id="88635D08-3380-8E2F-6AC3-BF9BF2ADDDD0" name="CATEGORIA_PRODUCTOS">
<createdBy>Daniel</createdBy>
<createdTime>2024-09-24 20:04:30 UTC</createdTime>
<ownerDesignName>modelo_relacional_donCoffee</ownerDesignName>
<ordsAlias>table_2</ordsAlias>
<allowColumnReorder>false</allowColumnReorder>
<existDependencyGenerateInDDl>true</existDependencyGenerateInDDl>
<parsed>true</parsed>
<columns itemClass="oracle.dbtools.crest.model.design.relational.Column">
<Column name="id_categoria" id="0FC557D1-D9F9-77A2-0564-3777112EAB49">
<createdBy>Daniel</createdBy>
<createdTime>2024-09-24 20:05:37 UTC</createdTime>
<ownerDesignName>modelo_relacional_donCoffee</ownerDesignName>
<useDomainConstraints>false</useDomainConstraints>
<use>1</use>
<logicalDatatype>LOGDT011</logicalDatatype>
<ownDataTypeParameters>,,</ownDataTypeParameters>
<autoIncrementCycle>false</autoIncrementCycle>
</Column>
<Column name="nombre_categoria" id="8F9F079C-10AC-AC39-61A1-1B993112339F">
<createdBy>Daniel</createdBy>
<createdTime>2024-09-24 20:05:37 UTC</createdTime>
<ownerDesignName>modelo_relacional_donCoffee</ownerDesignName>
<useDomainConstraints>false</useDomainConstraints>
<use>1</use>
<logicalDatatype>LOGDT024</logicalDatatype>
<dataTypeSize>50</dataTypeSize>
<ownDataTypeParameters>50,,</ownDataTypeParameters>
<autoIncrementCycle>false</autoIncrementCycle>
</Column>
</columns>
<indexes itemClass="oracle.dbtools.crest.model.design.relational.Index">
<ind_PK_UK id="5D4819ED-3D41-6052-A84A-9CE9AB175D2B" name="CATEGORIA_PRODUCTOS_PK">
<createdBy>Daniel</createdBy>
<createdTime>2024-09-24 20:05:37 UTC</createdTime>
<ownerDesignName>modelo_relacional_donCoffee</ownerDesignName>
<pk>true</pk>
<indexState>Primary Constraint</indexState>
<isSurrogateKey>false</isSurrogateKey>
<indexColumnUsage>
<colUsage columnID="0FC557D1-D9F9-77A2-0564-3777112EAB49"/>
</indexColumnUsage>
</ind_PK_UK>
</indexes>
</Table>