<?xml version = '1.0' encoding = 'UTF-8'?>
<Table class="oracle.dbtools.crest.model.design.relational.Table" directorySegmentName="seg_0" id="903B255F-181C-6C30-F7F6-31C3107330AB" name="METODO_PAGO">
<createdBy>vina</createdBy>
<createdTime>2024-09-25 19:36:46 UTC</createdTime>
<ownerDesignName>modelo_relacional_donCoffee</ownerDesignName>
<ordsAlias>table_8</ordsAlias>
<allowColumnReorder>false</allowColumnReorder>
<existDependencyGenerateInDDl>true</existDependencyGenerateInDDl>
<parsed>true</parsed>
<columns itemClass="oracle.dbtools.crest.model.design.relational.Column">
<Column name="id_metodo_pago" id="F94E1B16-4853-13ED-75EC-10DAFE702E5F">
<createdBy>vina</createdBy>
<createdTime>2024-09-25 19:37:31 UTC</createdTime>
<ownerDesignName>modelo_relacional_donCoffee</ownerDesignName>
<useDomainConstraints>false</useDomainConstraints>
<use>1</use>
<logicalDatatype>LOGDT011</logicalDatatype>
<ownDataTypeParameters>,,</ownDataTypeParameters>
<autoIncrementCycle>false</autoIncrementCycle>
</Column>
<Column name="nombre_metodo" id="F828FDFE-3AED-C350-F09D-B3EC4CAE82A7">
<createdBy>vina</createdBy>
<createdTime>2024-09-25 19:37:31 UTC</createdTime>
<ownerDesignName>modelo_relacional_donCoffee</ownerDesignName>
<useDomainConstraints>false</useDomainConstraints>
<use>1</use>
<logicalDatatype>LOGDT024</logicalDatatype>
<dataTypeSize>100</dataTypeSize>
<ownDataTypeParameters>100,,</ownDataTypeParameters>
<autoIncrementCycle>false</autoIncrementCycle>
</Column>
</columns>
<indexes itemClass="oracle.dbtools.crest.model.design.relational.Index">
<ind_PK_UK id="365058B2-6D5B-803E-A6A6-397C187AF7BC" name="METODO_PAGO_PK">
<createdBy>vina</createdBy>
<createdTime>2024-09-25 19:37:31 UTC</createdTime>
<ownerDesignName>modelo_relacional_donCoffee</ownerDesignName>
<pk>true</pk>
<indexState>Primary Constraint</indexState>
<isSurrogateKey>false</isSurrogateKey>
<indexColumnUsage>
<colUsage columnID="F94E1B16-4853-13ED-75EC-10DAFE702E5F"/>
</indexColumnUsage>
</ind_PK_UK>
</indexes>
</Table>