<?xml version = '1.0' encoding = 'UTF-8'?>
<Table class="oracle.dbtools.crest.model.design.relational.Table" directorySegmentName="seg_0" id="C1E57810-9009-738C-2E6F-037786F09AA1" name="EMPLEADOS">
<createdBy>Daniel</createdBy>
<createdTime>2024-09-24 20:20:59 UTC</createdTime>
<ownerDesignName>modelo_relacional_donCoffee</ownerDesignName>
<ordsAlias>table_7</ordsAlias>
<allowColumnReorder>false</allowColumnReorder>
<existDependencyGenerateInDDl>true</existDependencyGenerateInDDl>
<parsed>true</parsed>
<columns itemClass="oracle.dbtools.crest.model.design.relational.Column">
<Column name="id_empleado" id="FF390A65-872E-35FA-66E3-BF41C10AE82C">
<createdBy>Daniel</createdBy>
<createdTime>2024-09-24 20:24:06 UTC</createdTime>
<ownerDesignName>modelo_relacional_donCoffee</ownerDesignName>
<useDomainConstraints>false</useDomainConstraints>
<use>1</use>
<logicalDatatype>LOGDT011</logicalDatatype>
<ownDataTypeParameters>,,</ownDataTypeParameters>
<autoIncrementCycle>false</autoIncrementCycle>
</Column>
<Column name="nombre" id="6C9A1663-0C86-DC37-6BCC-3A932D53F9E8">
<createdBy>Daniel</createdBy>
<createdTime>2024-09-24 20:24:06 UTC</createdTime>
<ownerDesignName>modelo_relacional_donCoffee</ownerDesignName>
<useDomainConstraints>false</useDomainConstraints>
<use>1</use>
<logicalDatatype>LOGDT024</logicalDatatype>
<dataTypeSize>100</dataTypeSize>
<ownDataTypeParameters>100,,</ownDataTypeParameters>
<autoIncrementCycle>false</autoIncrementCycle>
</Column>
<Column name="apellido" id="4EB90806-DA60-AC4A-76B4-3FE9CAB5CA2D">
<createdBy>Daniel</createdBy>
<createdTime>2024-09-24 20:24:06 UTC</createdTime>
<ownerDesignName>modelo_relacional_donCoffee</ownerDesignName>
<useDomainConstraints>false</useDomainConstraints>
<use>1</use>
<logicalDatatype>LOGDT024</logicalDatatype>
<dataTypeSize>100</dataTypeSize>
<ownDataTypeParameters>100,,</ownDataTypeParameters>
<autoIncrementCycle>false</autoIncrementCycle>
</Column>
<Column name="cargo" id="6FE22D6A-4748-B340-4983-15DF3D8ADED7">
<createdBy>Daniel</createdBy>
<createdTime>2024-09-24 20:24:06 UTC</createdTime>
<ownerDesignName>modelo_relacional_donCoffee</ownerDesignName>
<useDomainConstraints>false</useDomainConstraints>
<use>1</use>
<logicalDatatype>LOGDT024</logicalDatatype>
<dataTypeSize>50</dataTypeSize>
<ownDataTypeParameters>50,,</ownDataTypeParameters>
<autoIncrementCycle>false</autoIncrementCycle>
</Column>
<Column name="correo" id="67322CF3-FCBB-01A5-DD12-01DE5344B067">
<createdBy>Daniel</createdBy>
<createdTime>2024-09-24 20:24:06 UTC</createdTime>
<ownerDesignName>modelo_relacional_donCoffee</ownerDesignName>
<useDomainConstraints>false</useDomainConstraints>
<use>1</use>
<logicalDatatype>LOGDT024</logicalDatatype>
<dataTypeSize>100</dataTypeSize>
<ownDataTypeParameters>100,,</ownDataTypeParameters>
<autoIncrementCycle>false</autoIncrementCycle>
</Column>
<Column name="telefono" id="48538CBD-908C-B463-8EC9-CD7301299243">
<createdBy>Daniel</createdBy>
<createdTime>2024-09-24 20:24:06 UTC</createdTime>
<ownerDesignName>modelo_relacional_donCoffee</ownerDesignName>
<useDomainConstraints>false</useDomainConstraints>
<use>1</use>
<logicalDatatype>LOGDT024</logicalDatatype>
<dataTypeSize>20</dataTypeSize>
<ownDataTypeParameters>20,,</ownDataTypeParameters>
<autoIncrementCycle>false</autoIncrementCycle>
</Column>
<Column name="fecha_contrato" id="B2CD7EBE-D8B9-D938-CE51-E378D6AE9B03">
<createdBy>Daniel</createdBy>
<createdTime>2024-09-24 20:24:06 UTC</createdTime>
<ownerDesignName>modelo_relacional_donCoffee</ownerDesignName>
<useDomainConstraints>false</useDomainConstraints>
<use>1</use>
<logicalDatatype>LOGDT007</logicalDatatype>
<ownDataTypeParameters>,,</ownDataTypeParameters>
<autoIncrementCycle>false</autoIncrementCycle>
</Column>
</columns>
<indexes itemClass="oracle.dbtools.crest.model.design.relational.Index">
<ind_PK_UK id="FB340FCC-D480-831F-5629-3ED699468F60" name="EMPLEADOS_PK">
<createdBy>Daniel</createdBy>
<createdTime>2024-09-24 20:24:06 UTC</createdTime>
<ownerDesignName>modelo_relacional_donCoffee</ownerDesignName>
<pk>true</pk>
<indexState>Primary Constraint</indexState>
<isSurrogateKey>false</isSurrogateKey>
<indexColumnUsage>
<colUsage columnID="FF390A65-872E-35FA-66E3-BF41C10AE82C"/>
</indexColumnUsage>
</ind_PK_UK>
</indexes>
</Table>