<?xml version = '1.0' encoding = 'UTF-8'?>
<Table class="oracle.dbtools.crest.model.design.relational.Table" directorySegmentName="seg_0" id="DC174784-E768-C6A8-0B1E-F87AF7A8DA5C" name="DETALLE_PEDIDO">
<createdBy>Daniel</createdBy>
<createdTime>2024-09-24 20:14:36 UTC</createdTime>
<ownerDesignName>modelo_relacional_donCoffee</ownerDesignName>
<ordsAlias>table_5</ordsAlias>
<allowColumnReorder>false</allowColumnReorder>
<existDependencyGenerateInDDl>true</existDependencyGenerateInDDl>
<parsed>true</parsed>
<columns itemClass="oracle.dbtools.crest.model.design.relational.Column">
<Column name="id_detalle_pedido" id="18F62ED0-1BC8-A0CA-CEFA-DD8237F7D313">
<createdBy>Daniel</createdBy>
<createdTime>2024-09-24 20:16:47 UTC</createdTime>
<ownerDesignName>modelo_relacional_donCoffee</ownerDesignName>
<useDomainConstraints>false</useDomainConstraints>
<use>1</use>
<logicalDatatype>LOGDT011</logicalDatatype>
<ownDataTypeParameters>,,</ownDataTypeParameters>
<autoIncrementCycle>false</autoIncrementCycle>
</Column>
<Column name="cantidad" id="C20B74DC-2F31-CF94-5FD5-E636B1605827">
<createdBy>Daniel</createdBy>
<createdTime>2024-09-24 20:16:47 UTC</createdTime>
<ownerDesignName>modelo_relacional_donCoffee</ownerDesignName>
<useDomainConstraints>false</useDomainConstraints>
<use>1</use>
<logicalDatatype>LOGDT011</logicalDatatype>
<ownDataTypeParameters>,,</ownDataTypeParameters>
<autoIncrementCycle>false</autoIncrementCycle>
</Column>
<Column name="precio_unitario" id="20E1A662-4AC4-2C20-FA88-D4C23D466891">
<createdBy>Daniel</createdBy>
<createdTime>2024-09-24 20:16:47 UTC</createdTime>
<ownerDesignName>modelo_relacional_donCoffee</ownerDesignName>
<useDomainConstraints>false</useDomainConstraints>
<use>1</use>
<logicalDatatype>LOGDT011</logicalDatatype>
<ownDataTypeParameters>,,</ownDataTypeParameters>
<autoIncrementCycle>false</autoIncrementCycle>
</Column>
<Column name="subtotal" id="AC7C77AC-EE73-AA8D-877D-6745DB5BDC9C">
<createdBy>Daniel</createdBy>
<createdTime>2024-09-24 20:16:47 UTC</createdTime>
<ownerDesignName>modelo_relacional_donCoffee</ownerDesignName>
<useDomainConstraints>false</useDomainConstraints>
<use>1</use>
<logicalDatatype>LOGDT011</logicalDatatype>
<ownDataTypeParameters>,,</ownDataTypeParameters>
<autoIncrementCycle>false</autoIncrementCycle>
</Column>
<Column name="PEDIDOS_id_pedido" id="BB413BF2-FFC6-2A37-F30A-F9B495A0BC95">
<createdBy>Daniel</createdBy>
<createdTime>2024-09-24 20:19:24 UTC</createdTime>
<ownerDesignName>modelo_relacional_donCoffee</ownerDesignName>
<useDomainConstraints>false</useDomainConstraints>
<use>1</use>
<logicalDatatype>LOGDT011</logicalDatatype>
<ownDataTypeParameters>,,</ownDataTypeParameters>
<previousColumn>false</previousColumn>
<autoIncrementCycle>false</autoIncrementCycle>
<associations>
<colAssociation fkAssociation="8E763265-ADCC-ED0D-CB7D-BD12310F6FCE" referredColumn="DAAD245B-72EC-BABA-6EA7-21DBBC70350F"/>
</associations>
</Column>
<Column name="PRODUCTOS_id_producto" id="2FD523E6-BB50-3FAF-EC4E-0D191A93751A">
<createdBy>vina</createdBy>
<createdTime>2024-09-25 19:33:04 UTC</createdTime>
<ownerDesignName>modelo_relacional_donCoffee</ownerDesignName>
<useDomainConstraints>false</useDomainConstraints>
<use>1</use>
<logicalDatatype>LOGDT011</logicalDatatype>
<ownDataTypeParameters>,,</ownDataTypeParameters>
<previousColumn>false</previousColumn>
<autoIncrementCycle>false</autoIncrementCycle>
<associations>
<colAssociation fkAssociation="59F05D19-6E02-3595-44FD-1BF7D7D5486F" referredColumn="B723B997-E3E1-E7B6-F293-2E77B56E66FE"/>
</associations>
</Column>
</columns>
<indexes itemClass="oracle.dbtools.crest.model.design.relational.Index">
<ind_PK_UK id="424160F5-A688-0256-2677-FD878422DB54" name="DETALLE_PEDIDO_PK">
<createdBy>Daniel</createdBy>
<createdTime>2024-09-24 20:16:47 UTC</createdTime>
<ownerDesignName>modelo_relacional_donCoffee</ownerDesignName>
<pk>true</pk>
<indexState>Primary Constraint</indexState>
<isSurrogateKey>false</isSurrogateKey>
<indexColumnUsage>
<colUsage columnID="18F62ED0-1BC8-A0CA-CEFA-DD8237F7D313"/>
</indexColumnUsage>
</ind_PK_UK>
<ind_PK_UK id="A80CB355-6E81-DD4E-B7AB-8E5E17B52FFB" name="DETALLE_PEDIDO_PEDIDOS_FK">
<createdBy>Daniel</createdBy>
<createdTime>2024-09-24 20:19:24 UTC</createdTime>
<ownerDesignName>modelo_relacional_donCoffee</ownerDesignName>
<indexState>Foreign Key</indexState>
<isSurrogateKey>false</isSurrogateKey>
<indexColumnUsage>
<colUsage columnID="BB413BF2-FFC6-2A37-F30A-F9B495A0BC95"/>
</indexColumnUsage>
</ind_PK_UK>
<ind_PK_UK id="25A20879-B621-8863-669F-FE9C3BDC6155" name="DETALLE_PEDIDO_PRODUCTOS_FK">
<createdBy>vina</createdBy>
<createdTime>2024-09-25 19:33:04 UTC</createdTime>
<ownerDesignName>modelo_relacional_donCoffee</ownerDesignName>
<indexState>Foreign Key</indexState>
<isSurrogateKey>false</isSurrogateKey>
<indexColumnUsage>
<colUsage columnID="2FD523E6-BB50-3FAF-EC4E-0D191A93751A"/>
</indexColumnUsage>
</ind_PK_UK>
</indexes>
</Table>