<?xml version = '1.0' encoding = 'UTF-8'?>
<Table class="oracle.dbtools.crest.model.design.relational.Table" directorySegmentName="seg_0" id="FD87DD51-A49F-BE39-8EC6-FBC8D6ED9C9E" name="PRODUCTOS">
<createdBy>Daniel</createdBy>
<createdTime>2024-09-24 19:53:13 UTC</createdTime>
<ownerDesignName>modelo_relacional_donCoffee</ownerDesignName>
<ordsAlias>table_1</ordsAlias>
<allowColumnReorder>false</allowColumnReorder>
<existDependencyGenerateInDDl>true</existDependencyGenerateInDDl>
<parsed>true</parsed>
<columns itemClass="oracle.dbtools.crest.model.design.relational.Column">
<Column name="id_producto" id="B723B997-E3E1-E7B6-F293-2E77B56E66FE">
<createdBy>Daniel</createdBy>
<createdTime>2024-09-24 20:04:09 UTC</createdTime>
<ownerDesignName>modelo_relacional_donCoffee</ownerDesignName>
<useDomainConstraints>false</useDomainConstraints>
<use>1</use>
<logicalDatatype>LOGDT011</logicalDatatype>
<ownDataTypeParameters>,,</ownDataTypeParameters>
<autoIncrementCycle>false</autoIncrementCycle>
</Column>
<Column name="nombre_producto" id="B6306353-11B6-37B6-FD1D-C48622D1E204">
<createdBy>Daniel</createdBy>
<createdTime>2024-09-24 20:04:09 UTC</createdTime>
<ownerDesignName>modelo_relacional_donCoffee</ownerDesignName>
<useDomainConstraints>false</useDomainConstraints>
<use>1</use>
<logicalDatatype>LOGDT024</logicalDatatype>
<dataTypeSize>100</dataTypeSize>
<ownDataTypeParameters>100,,</ownDataTypeParameters>
<autoIncrementCycle>false</autoIncrementCycle>
</Column>
<Column name="descripcion" id="8F949976-F210-50B4-2253-11845B4E4CBA">
<createdBy>Daniel</createdBy>
<createdTime>2024-09-24 20:04:09 UTC</createdTime>
<ownerDesignName>modelo_relacional_donCoffee</ownerDesignName>
<useDomainConstraints>false</useDomainConstraints>
<use>1</use>
<logicalDatatype>LOGDT024</logicalDatatype>
<dataTypeSize>100</dataTypeSize>
<ownDataTypeParameters>100,,</ownDataTypeParameters>
<autoIncrementCycle>false</autoIncrementCycle>
</Column>
<Column name="precio" id="D8057184-7EE5-4D45-5189-FCDB3221EE65">
<createdBy>Daniel</createdBy>
<createdTime>2024-09-24 20:04:09 UTC</createdTime>
<ownerDesignName>modelo_relacional_donCoffee</ownerDesignName>
<useDomainConstraints>false</useDomainConstraints>
<use>1</use>
<logicalDatatype>LOGDT011</logicalDatatype>
<ownDataTypeParameters>,,</ownDataTypeParameters>
<autoIncrementCycle>false</autoIncrementCycle>
</Column>
<Column name="disponibilidad" id="9097DB2D-A7C6-4EC8-E97F-6D9D25BAF7EF">
<createdBy>Daniel</createdBy>
<createdTime>2024-09-24 20:04:09 UTC</createdTime>
<ownerDesignName>modelo_relacional_donCoffee</ownerDesignName>
<useDomainConstraints>false</useDomainConstraints>
<use>1</use>
<logicalDatatype>LOGDT006</logicalDatatype>
<dataTypeSize>1</dataTypeSize>
<ownDataTypeParameters>1,,</ownDataTypeParameters>
<autoIncrementCycle>false</autoIncrementCycle>
</Column>
<Column name="CATEGORIA_PRODUCTOS_id_categoria" id="A67EA911-3A80-712D-7850-87DF9D2EBB3B">
<createdBy>vina</createdBy>
<createdTime>2024-09-25 19:33:59 UTC</createdTime>
<ownerDesignName>modelo_relacional_donCoffee</ownerDesignName>
<useDomainConstraints>false</useDomainConstraints>
<use>1</use>
<logicalDatatype>LOGDT011</logicalDatatype>
<ownDataTypeParameters>,,</ownDataTypeParameters>
<previousColumn>false</previousColumn>
<autoIncrementCycle>false</autoIncrementCycle>
<associations>
<colAssociation fkAssociation="89D10E89-333D-CB1C-4701-7CF3698CE20F" referredColumn="0FC557D1-D9F9-77A2-0564-3777112EAB49"/>
</associations>
</Column>
</columns>
<indexes itemClass="oracle.dbtools.crest.model.design.relational.Index">
<ind_PK_UK id="B8155BC1-6085-1BE5-EB1F-FA47BCD89C07" name="PRODUCTOS_PK">
<createdBy>Daniel</createdBy>
<createdTime>2024-09-24 20:04:09 UTC</createdTime>
<ownerDesignName>modelo_relacional_donCoffee</ownerDesignName>
<pk>true</pk>
<indexState>Primary Constraint</indexState>
<isSurrogateKey>false</isSurrogateKey>
<indexColumnUsage>
<colUsage columnID="B723B997-E3E1-E7B6-F293-2E77B56E66FE"/>
</indexColumnUsage>
</ind_PK_UK>
<ind_PK_UK id="433E9A12-1E22-3713-6339-0D9753A9AE35" name="PRODUCTOS_CATEGORIA_PRODUCTOS_FK">
<createdBy>vina</createdBy>
<createdTime>2024-09-25 19:33:59 UTC</createdTime>
<ownerDesignName>modelo_relacional_donCoffee</ownerDesignName>
<indexState>Foreign Key</indexState>
<isSurrogateKey>false</isSurrogateKey>
<indexColumnUsage>
<colUsage columnID="A67EA911-3A80-712D-7850-87DF9D2EBB3B"/>
</indexColumnUsage>
</ind_PK_UK>
</indexes>
</Table>