<?xml version = '1.0' encoding = 'UTF-8'?>
<FKIndexAssociation class="oracle.dbtools.crest.model.design.relational.FKIndexAssociation" directorySegmentName="seg_0" id="2CE16E91-5CC4-B2A8-B550-03D9CF69C105" containerWithKeyObject="0464DCC7-2A9A-4CE4-EFC6-ACD4ACCA628C" localFKIndex="04419625-5883-89C4-A259-AA2697CDD7EF" name="USUARIOS_CLIENTES_FK">
<createdBy>vina</createdBy>
<createdTime>2024-09-25 19:43:55 UTC</createdTime>
<ownerDesignName>modelo_relacional_donCoffee</ownerDesignName>
<referredTableLongName>CLIENTES</referredTableLongName>
<deleteRule>NO ACTION</deleteRule>
<referredTableID>47414BA8-91F6-062F-529A-13260829F5A0</referredTableID>
<keyObject>93A0F2F4-BE8B-F516-3DBC-D7078118EEDA</keyObject>
<referredKeyID>93A0F2F4-BE8B-F516-3DBC-D7078118EEDA</referredKeyID>
<mandatory>true</mandatory>
<refColNames>id_cliente</refColNames>
<transferable>true</transferable>
<rely>false</rely>
<columnDependencyConstraintGenerateInDDL>true</columnDependencyConstraintGenerateInDDL>
</FKIndexAssociation>