<?xml version = '1.0' encoding = 'UTF-8'?>
<FKIndexAssociation class="oracle.dbtools.crest.model.design.relational.FKIndexAssociation" directorySegmentName="seg_0" id="5204561F-3153-311E-EEE3-946A6BCC15B6" containerWithKeyObject="0C89FB75-BD0B-4382-A7AB-AAF49C583B48" localFKIndex="2E10BC4E-B864-1E1F-A064-8E916F132E87" name="PEDIDOS_ESTADO_PEDIDO_FK">
<createdBy>vina</createdBy>
<createdTime>2024-09-25 19:39:05 UTC</createdTime>
<ownerDesignName>modelo_relacional_donCoffee</ownerDesignName>
<referredTableLongName>ESTADO_PEDIDO</referredTableLongName>
<deleteRule>NO ACTION</deleteRule>
<referredTableID>6E0C7E79-4DAA-E617-5F56-21B1FD33AAFF</referredTableID>
<keyObject>DC14A440-A052-E9AD-F3E0-0A02BBE1A913</keyObject>
<referredKeyID>DC14A440-A052-E9AD-F3E0-0A02BBE1A913</referredKeyID>
<mandatory>true</mandatory>
<refColNames>id_estado</refColNames>
<transferable>true</transferable>
<rely>false</rely>
<columnDependencyConstraintGenerateInDDL>true</columnDependencyConstraintGenerateInDDL>
</FKIndexAssociation>