<?xml version = '1.0' encoding = 'UTF-8'?>
<FKIndexAssociation class="oracle.dbtools.crest.model.design.relational.FKIndexAssociation" directorySegmentName="seg_0" id="59F05D19-6E02-3595-44FD-1BF7D7D5486F" containerWithKeyObject="DC174784-E768-C6A8-0B1E-F87AF7A8DA5C" localFKIndex="25A20879-B621-8863-669F-FE9C3BDC6155" name="DETALLE_PEDIDO_PRODUCTOS_FK">
<createdBy>vina</createdBy>
<createdTime>2024-09-25 19:33:04 UTC</createdTime>
<ownerDesignName>modelo_relacional_donCoffee</ownerDesignName>
<referredTableLongName>PRODUCTOS</referredTableLongName>
<deleteRule>NO ACTION</deleteRule>
<referredTableID>FD87DD51-A49F-BE39-8EC6-FBC8D6ED9C9E</referredTableID>
<keyObject>B8155BC1-6085-1BE5-EB1F-FA47BCD89C07</keyObject>
<referredKeyID>B8155BC1-6085-1BE5-EB1F-FA47BCD89C07</referredKeyID>
<mandatory>true</mandatory>
<refColNames>id_producto</refColNames>
<transferable>true</transferable>
<rely>false</rely>
<columnDependencyConstraintGenerateInDDL>true</columnDependencyConstraintGenerateInDDL>
</FKIndexAssociation>