<?xml version = '1.0' encoding = 'UTF-8'?>
<FKIndexAssociation class="oracle.dbtools.crest.model.design.relational.FKIndexAssociation" directorySegmentName="seg_0" id="89D10E89-333D-CB1C-4701-7CF3698CE20F" containerWithKeyObject="FD87DD51-A49F-BE39-8EC6-FBC8D6ED9C9E" localFKIndex="433E9A12-1E22-3713-6339-0D9753A9AE35" name="PRODUCTOS_CATEGORIA_PRODUCTOS_FK">
<createdBy>vina</createdBy>
<createdTime>2024-09-25 19:33:59 UTC</createdTime>
<ownerDesignName>modelo_relacional_donCoffee</ownerDesignName>
<referredTableLongName>CATEGORIA_PRODUCTOS</referredTableLongName>
<deleteRule>NO ACTION</deleteRule>
<referredTableID>88635D08-3380-8E2F-6AC3-BF9BF2ADDDD0</referredTableID>
<keyObject>5D4819ED-3D41-6052-A84A-9CE9AB175D2B</keyObject>
<referredKeyID>5D4819ED-3D41-6052-A84A-9CE9AB175D2B</referredKeyID>
<mandatory>true</mandatory>
<refColNames>id_categoria</refColNames>
<transferable>true</transferable>
<rely>false</rely>
<columnDependencyConstraintGenerateInDDL>true</columnDependencyConstraintGenerateInDDL>
</FKIndexAssociation>