<?xml version = '1.0' encoding = 'UTF-8'?>
<FKIndexAssociation class="oracle.dbtools.crest.model.design.relational.FKIndexAssociation" directorySegmentName="seg_0" id="8E763265-ADCC-ED0D-CB7D-BD12310F6FCE" containerWithKeyObject="DC174784-E768-C6A8-0B1E-F87AF7A8DA5C" localFKIndex="A80CB355-6E81-DD4E-B7AB-8E5E17B52FFB" name="DETALLE_PEDIDO_PEDIDOS_FK">
<createdBy>Daniel</createdBy>
<createdTime>2024-09-24 20:19:24 UTC</createdTime>
<ownerDesignName>modelo_relacional_donCoffee</ownerDesignName>
<referredTableLongName>PEDIDOS</referredTableLongName>
<deleteRule>NO ACTION</deleteRule>
<referredTableID>0C89FB75-BD0B-4382-A7AB-AAF49C583B48</referredTableID>
<keyObject>CC315511-B19C-D123-D738-34764C6147D0</keyObject>
<referredKeyID>CC315511-B19C-D123-D738-34764C6147D0</referredKeyID>
<mandatory>true</mandatory>
<refColNames>id_pedido</refColNames>
<transferable>true</transferable>
<rely>false</rely>
<columnDependencyConstraintGenerateInDDL>true</columnDependencyConstraintGenerateInDDL>
</FKIndexAssociation>