<?xml version = '1.0' encoding = 'UTF-8'?>
<FKIndexAssociation class="oracle.dbtools.crest.model.design.relational.FKIndexAssociation" directorySegmentName="seg_0" id="9914A226-2FCB-60D9-D03C-95167A1375D3" containerWithKeyObject="0464DCC7-2A9A-4CE4-EFC6-ACD4ACCA628C" localFKIndex="EFAE95CD-494B-BCDD-0F3A-B692D5BBEA03" name="USUARIOS_EMPLEADOS_FK">
<createdBy>vina</createdBy>
<createdTime>2024-09-25 19:44:01 UTC</createdTime>
<ownerDesignName>modelo_relacional_donCoffee</ownerDesignName>
<referredTableLongName>EMPLEADOS</referredTableLongName>
<deleteRule>NO ACTION</deleteRule>
<referredTableID>C1E57810-9009-738C-2E6F-037786F09AA1</referredTableID>
<keyObject>FB340FCC-D480-831F-5629-3ED699468F60</keyObject>
<referredKeyID>FB340FCC-D480-831F-5629-3ED699468F60</referredKeyID>
<mandatory>true</mandatory>
<refColNames>id_empleado</refColNames>
<transferable>true</transferable>
<rely>false</rely>
<columnDependencyConstraintGenerateInDDL>true</columnDependencyConstraintGenerateInDDL>
</FKIndexAssociation>