<?xml version = '1.0' encoding = 'UTF-8'?>
<FKIndexAssociation class="oracle.dbtools.crest.model.design.relational.FKIndexAssociation" directorySegmentName="seg_0" id="AE50EBA1-F6C9-C7AA-5576-DD6315184840" containerWithKeyObject="0C89FB75-BD0B-4382-A7AB-AAF49C583B48" localFKIndex="DD18C90E-C2F6-0A12-706B-32C8CA696A48" name="PEDIDOS_METODO_PAGO_FK">
<createdBy>vina</createdBy>
<createdTime>2024-09-25 19:38:21 UTC</createdTime>
<ownerDesignName>modelo_relacional_donCoffee</ownerDesignName>
<referredTableLongName>METODO_PAGO</referredTableLongName>
<deleteRule>NO ACTION</deleteRule>
<referredTableID>903B255F-181C-6C30-F7F6-31C3107330AB</referredTableID>
<keyObject>365058B2-6D5B-803E-A6A6-397C187AF7BC</keyObject>
<referredKeyID>365058B2-6D5B-803E-A6A6-397C187AF7BC</referredKeyID>
<mandatory>true</mandatory>
<refColNames>id_metodo_pago</refColNames>
<transferable>true</transferable>
<rely>false</rely>
<columnDependencyConstraintGenerateInDDL>true</columnDependencyConstraintGenerateInDDL>
</FKIndexAssociation>