<?xml version = '1.0' encoding = 'UTF-8'?>
<FKIndexAssociation class="oracle.dbtools.crest.model.design.relational.FKIndexAssociation" directorySegmentName="seg_0" id="CAE7C1A7-E4DB-3F07-6457-A5D413C8D540" containerWithKeyObject="0C89FB75-BD0B-4382-A7AB-AAF49C583B48" localFKIndex="56ABD680-70E0-ACFC-AC51-4E3767D4D695" name="PEDIDOS_CLIENTES_FK">
<createdBy>Daniel</createdBy>
<createdTime>2024-09-24 20:18:30 UTC</createdTime>
<ownerDesignName>modelo_relacional_donCoffee</ownerDesignName>
<referredTableLongName>CLIENTES</referredTableLongName>
<deleteRule>NO ACTION</deleteRule>
<referredTableID>47414BA8-91F6-062F-529A-13260829F5A0</referredTableID>
<keyObject>93A0F2F4-BE8B-F516-3DBC-D7078118EEDA</keyObject>
<referredKeyID>93A0F2F4-BE8B-F516-3DBC-D7078118EEDA</referredKeyID>
<mandatory>true</mandatory>
<refColNames>id_cliente</refColNames>
<transferable>true</transferable>
<rely>false</rely>
<columnDependencyConstraintGenerateInDDL>true</columnDependencyConstraintGenerateInDDL>
</FKIndexAssociation>